"id","prediction(price_category)"
194,"4 (5K-10K)"
928,"3 (2K-5K)"
7266,"4 (5K-10K)"
9028,"3 (2K-5K)"
7620,"2 (1K-2K)"
6374,"1 (< 1K)"
4556,"2 (1K-2K)"
1730,"3 (2K-5K)"
777,"4 (5K-10K)"
4518,"1 (< 1K)"
4433,"4 (5K-10K)"
4760,"1 (< 1K)"
594,"4 (5K-10K)"
8834,"6 (> 15K)"
7020,"4 (5K-10K)"
1059,"3 (2K-5K)"
6312,"4 (5K-10K)"
3538,"3 (2K-5K)"
7367,"2 (1K-2K)"
4958,"4 (5K-10K)"
4075,"3 (2K-5K)"
3926,"3 (2K-5K)"
1728,"3 (2K-5K)"
2721,"3 (2K-5K)"
7645,"4 (5K-10K)"
4155,"4 (5K-10K)"
7683,"4 (5K-10K)"
5707,"3 (2K-5K)"
9332,"6 (> 15K)"
4327,"4 (5K-10K)"
3694,"2 (1K-2K)"
9176,"5 (10K-15K)"
4261,"3 (2K-5K)"
9275,"4 (5K-10K)"
4302,"3 (2K-5K)"
4247,"3 (2K-5K)"
7451,"3 (2K-5K)"
1830,"2 (1K-2K)"
8311,"1 (< 1K)"
7611,"6 (> 15K)"
9188,"4 (5K-10K)"
1052,"4 (5K-10K)"
2745,"2 (1K-2K)"
5246,"2 (1K-2K)"
6739,"3 (2K-5K)"
2199,"3 (2K-5K)"
3437,"2 (1K-2K)"
4405,"6 (> 15K)"
9418,"4 (5K-10K)"
8156,"6 (> 15K)"
1150,"3 (2K-5K)"
1832,"2 (1K-2K)"
8062,"2 (1K-2K)"
2975,"3 (2K-5K)"
10074,"5 (10K-15K)"
3673,"3 (2K-5K)"
7680,"4 (5K-10K)"
1362,"4 (5K-10K)"
88,"4 (5K-10K)"
10085,"6 (> 15K)"
7224,"3 (2K-5K)"
5739,"3 (2K-5K)"
381,"4 (5K-10K)"
4955,"3 (2K-5K)"
5768,"2 (1K-2K)"
4524,"3 (2K-5K)"
565,"1 (< 1K)"
4939,"1 (< 1K)"
7239,"6 (> 15K)"
5311,"4 (5K-10K)"
7944,"3 (2K-5K)"
3101,"2 (1K-2K)"
8446,"1 (< 1K)"
5989,"2 (1K-2K)"
1118,"4 (5K-10K)"
7064,"1 (< 1K)"
1459,"2 (1K-2K)"
3029,"2 (1K-2K)"
8267,"3 (2K-5K)"
7655,"3 (2K-5K)"
9202,"4 (5K-10K)"
10100,"3 (2K-5K)"
8963,"4 (5K-10K)"
1087,"6 (> 15K)"
6415,"1 (< 1K)"
2231,"3 (2K-5K)"
2276,"3 (2K-5K)"
5912,"3 (2K-5K)"
7411,"4 (5K-10K)"
603,"3 (2K-5K)"
5016,"4 (5K-10K)"
8115,"6 (> 15K)"
2335,"3 (2K-5K)"
6081,"3 (2K-5K)"
7223,"2 (1K-2K)"
9382,"3 (2K-5K)"
927,"1 (< 1K)"
4298,"1 (< 1K)"
3383,"1 (< 1K)"
8728,"6 (> 15K)"
5770,"4 (5K-10K)"
3761,"4 (5K-10K)"
4607,"2 (1K-2K)"
5175,"6 (> 15K)"
6268,"3 (2K-5K)"
1433,"2 (1K-2K)"
8351,"6 (> 15K)"
10096,"2 (1K-2K)"
534,"1 (< 1K)"
9094,"2 (1K-2K)"
4921,"4 (5K-10K)"
7118,"5 (10K-15K)"
1718,"4 (5K-10K)"
6815,"2 (1K-2K)"
9640,"3 (2K-5K)"
3988,"6 (> 15K)"
9413,"5 (10K-15K)"
6232,"3 (2K-5K)"
9217,"2 (1K-2K)"
10062,"4 (5K-10K)"
490,"3 (2K-5K)"
8898,"3 (2K-5K)"
1706,"3 (2K-5K)"
4272,"2 (1K-2K)"
1511,"1 (< 1K)"
2763,"2 (1K-2K)"
6230,"3 (2K-5K)"
1894,"2 (1K-2K)"
3156,"3 (2K-5K)"
1146,"4 (5K-10K)"
8765,"2 (1K-2K)"
5154,"6 (> 15K)"
6736,"3 (2K-5K)"
5696,"6 (> 15K)"
759,"2 (1K-2K)"
7035,"5 (10K-15K)"
6250,"6 (> 15K)"
1282,"4 (5K-10K)"
1288,"4 (5K-10K)"
4415,"4 (5K-10K)"
6261,"3 (2K-5K)"
4780,"4 (5K-10K)"
7615,"4 (5K-10K)"
9490,"4 (5K-10K)"
2006,"4 (5K-10K)"
6688,"2 (1K-2K)"
6473,"3 (2K-5K)"
4008,"3 (2K-5K)"
9546,"2 (1K-2K)"
1350,"4 (5K-10K)"
3004,"6 (> 15K)"
7415,"1 (< 1K)"
4852,"3 (2K-5K)"
8982,"2 (1K-2K)"
7877,"3 (2K-5K)"
3298,"3 (2K-5K)"
5647,"1 (< 1K)"
1748,"3 (2K-5K)"
220,"5 (10K-15K)"
179,"2 (1K-2K)"
8506,"2 (1K-2K)"
2224,"3 (2K-5K)"
818,"4 (5K-10K)"
9660,"2 (1K-2K)"
2225,"2 (1K-2K)"
8631,"4 (5K-10K)"
4418,"4 (5K-10K)"
3130,"3 (2K-5K)"
403,"4 (5K-10K)"
8328,"1 (< 1K)"
4146,"3 (2K-5K)"
6717,"3 (2K-5K)"
4860,"3 (2K-5K)"
4472,"3 (2K-5K)"
3744,"3 (2K-5K)"
199,"3 (2K-5K)"
4432,"2 (1K-2K)"
304,"2 (1K-2K)"
4575,"1 (< 1K)"
742,"4 (5K-10K)"
7461,"2 (1K-2K)"
8451,"4 (5K-10K)"
277,"4 (5K-10K)"
9373,"3 (2K-5K)"
1961,"4 (5K-10K)"
8188,"2 (1K-2K)"
4998,"2 (1K-2K)"
7930,"3 (2K-5K)"
3513,"3 (2K-5K)"
2626,"3 (2K-5K)"
3159,"4 (5K-10K)"
4873,"2 (1K-2K)"
4199,"4 (5K-10K)"
6387,"2 (1K-2K)"
9794,"4 (5K-10K)"
8319,"3 (2K-5K)"
4492,"4 (5K-10K)"
8170,"6 (> 15K)"
1678,"3 (2K-5K)"
47,"5 (10K-15K)"
9724,"6 (> 15K)"
8629,"6 (> 15K)"
10239,"6 (> 15K)"
2886,"3 (2K-5K)"
1724,"3 (2K-5K)"
5650,"4 (5K-10K)"
4581,"4 (5K-10K)"
3233,"3 (2K-5K)"
1064,"2 (1K-2K)"
478,"3 (2K-5K)"
8333,"4 (5K-10K)"
3860,"3 (2K-5K)"
5911,"4 (5K-10K)"
1736,"2 (1K-2K)"
8207,"3 (2K-5K)"
9838,"6 (> 15K)"
7848,"4 (5K-10K)"
5218,"4 (5K-10K)"
4789,"4 (5K-10K)"
2754,"4 (5K-10K)"
1540,"5 (10K-15K)"
582,"4 (5K-10K)"
6697,"2 (1K-2K)"
2381,"3 (2K-5K)"
8654,"3 (2K-5K)"
5130,"3 (2K-5K)"
7684,"4 (5K-10K)"
5873,"3 (2K-5K)"
4138,"5 (10K-15K)"
6787,"4 (5K-10K)"
2861,"4 (5K-10K)"
1566,"6 (> 15K)"
8548,"2 (1K-2K)"
6514,"6 (> 15K)"
1,"3 (2K-5K)"
3719,"3 (2K-5K)"
3782,"4 (5K-10K)"
1482,"4 (5K-10K)"
924,"2 (1K-2K)"
7651,"1 (< 1K)"
6267,"1 (< 1K)"
2160,"4 (5K-10K)"
6598,"4 (5K-10K)"
7888,"3 (2K-5K)"
10279,"4 (5K-10K)"
2889,"4 (5K-10K)"
2984,"6 (> 15K)"
3046,"3 (2K-5K)"
6049,"5 (10K-15K)"
4904,"3 (2K-5K)"
7861,"2 (1K-2K)"
2993,"3 (2K-5K)"
2885,"2 (1K-2K)"
5915,"2 (1K-2K)"
1854,"2 (1K-2K)"
4026,"3 (2K-5K)"
4700,"3 (2K-5K)"
7562,"4 (5K-10K)"
2825,"3 (2K-5K)"
640,"4 (5K-10K)"
4738,"3 (2K-5K)"
1853,"6 (> 15K)"
1068,"4 (5K-10K)"
6441,"4 (5K-10K)"
3605,"2 (1K-2K)"
8006,"5 (10K-15K)"
1156,"3 (2K-5K)"
1111,"2 (1K-2K)"
2460,"6 (> 15K)"
4252,"2 (1K-2K)"
1986,"2 (1K-2K)"
7259,"3 (2K-5K)"
10214,"6 (> 15K)"
1295,"3 (2K-5K)"
1125,"4 (5K-10K)"
4534,"2 (1K-2K)"
6846,"2 (1K-2K)"
2665,"4 (5K-10K)"
4173,"5 (10K-15K)"
3798,"3 (2K-5K)"
147,"2 (1K-2K)"
5856,"2 (1K-2K)"
7115,"6 (> 15K)"
7496,"4 (5K-10K)"
2202,"3 (2K-5K)"
8028,"3 (2K-5K)"
6657,"6 (> 15K)"
2175,"4 (5K-10K)"
5664,"1 (< 1K)"
8843,"2 (1K-2K)"
5533,"4 (5K-10K)"
3558,"6 (> 15K)"
3619,"4 (5K-10K)"
2495,"4 (5K-10K)"
3343,"3 (2K-5K)"
2250,"4 (5K-10K)"
4786,"3 (2K-5K)"
9190,"5 (10K-15K)"
9119,"3 (2K-5K)"
10048,"4 (5K-10K)"
3083,"3 (2K-5K)"
9142,"6 (> 15K)"
9102,"6 (> 15K)"
6495,"3 (2K-5K)"
386,"4 (5K-10K)"
7765,"2 (1K-2K)"
2392,"3 (2K-5K)"
7939,"1 (< 1K)"
6166,"3 (2K-5K)"
6758,"2 (1K-2K)"
5564,"5 (10K-15K)"
6941,"2 (1K-2K)"
10191,"4 (5K-10K)"
7941,"2 (1K-2K)"
2322,"1 (< 1K)"
613,"3 (2K-5K)"
8781,"2 (1K-2K)"
8496,"5 (10K-15K)"
4557,"2 (1K-2K)"
8648,"3 (2K-5K)"
5133,"4 (5K-10K)"
8695,"1 (< 1K)"
6731,"3 (2K-5K)"
6182,"5 (10K-15K)"
576,"2 (1K-2K)"
5834,"6 (> 15K)"
8893,"2 (1K-2K)"
3565,"5 (10K-15K)"
8139,"4 (5K-10K)"
8400,"3 (2K-5K)"
5680,"3 (2K-5K)"
3375,"3 (2K-5K)"
2154,"2 (1K-2K)"
6765,"5 (10K-15K)"
840,"3 (2K-5K)"
3304,"4 (5K-10K)"
3573,"3 (2K-5K)"
80,"1 (< 1K)"
599,"6 (> 15K)"
4681,"6 (> 15K)"
4686,"1 (< 1K)"
1948,"2 (1K-2K)"
5781,"2 (1K-2K)"
630,"2 (1K-2K)"
4636,"6 (> 15K)"
5436,"2 (1K-2K)"
9628,"3 (2K-5K)"
8565,"2 (1K-2K)"
6574,"3 (2K-5K)"
9554,"4 (5K-10K)"
8681,"4 (5K-10K)"
2317,"4 (5K-10K)"
9377,"3 (2K-5K)"
1284,"4 (5K-10K)"
330,"6 (> 15K)"
6,"3 (2K-5K)"
9981,"3 (2K-5K)"
9249,"4 (5K-10K)"
8332,"5 (10K-15K)"
8495,"2 (1K-2K)"
2251,"2 (1K-2K)"
5097,"2 (1K-2K)"
888,"2 (1K-2K)"
338,"6 (> 15K)"
5620,"6 (> 15K)"
5446,"3 (2K-5K)"
6927,"5 (10K-15K)"
2595,"3 (2K-5K)"
7389,"2 (1K-2K)"
3327,"3 (2K-5K)"
9388,"4 (5K-10K)"
4828,"3 (2K-5K)"
188,"3 (2K-5K)"
1355,"4 (5K-10K)"
8277,"5 (10K-15K)"
3266,"3 (2K-5K)"
2485,"5 (10K-15K)"
702,"5 (10K-15K)"
8673,"5 (10K-15K)"
8588,"3 (2K-5K)"
7739,"2 (1K-2K)"
7444,"3 (2K-5K)"
9611,"2 (1K-2K)"
9185,"5 (10K-15K)"
1534,"6 (> 15K)"
2930,"2 (1K-2K)"
7304,"3 (2K-5K)"
4431,"1 (< 1K)"
1321,"3 (2K-5K)"
3585,"2 (1K-2K)"
2446,"3 (2K-5K)"
911,"3 (2K-5K)"
5132,"3 (2K-5K)"
634,"4 (5K-10K)"
7807,"3 (2K-5K)"
8310,"1 (< 1K)"
6556,"4 (5K-10K)"
8677,"6 (> 15K)"
8360,"2 (1K-2K)"
6093,"3 (2K-5K)"
7341,"2 (1K-2K)"
7081,"3 (2K-5K)"
9576,"2 (1K-2K)"
1615,"4 (5K-10K)"
554,"1 (< 1K)"
4007,"6 (> 15K)"
8855,"2 (1K-2K)"
6630,"3 (2K-5K)"
8632,"4 (5K-10K)"
933,"4 (5K-10K)"
6578,"4 (5K-10K)"
9233,"2 (1K-2K)"
8100,"4 (5K-10K)"
8120,"4 (5K-10K)"
6804,"5 (10K-15K)"
7350,"3 (2K-5K)"
2449,"3 (2K-5K)"
1405,"3 (2K-5K)"
3300,"4 (5K-10K)"
4228,"2 (1K-2K)"
8336,"4 (5K-10K)"
5245,"3 (2K-5K)"
2831,"1 (< 1K)"
2640,"4 (5K-10K)"
151,"3 (2K-5K)"
5167,"6 (> 15K)"
6816,"2 (1K-2K)"
2431,"1 (< 1K)"
314,"3 (2K-5K)"
3139,"6 (> 15K)"
8192,"3 (2K-5K)"
9265,"2 (1K-2K)"
4925,"3 (2K-5K)"
9446,"3 (2K-5K)"
9508,"2 (1K-2K)"
1693,"4 (5K-10K)"
3106,"2 (1K-2K)"
6967,"2 (1K-2K)"
9390,"3 (2K-5K)"
989,"2 (1K-2K)"
6803,"4 (5K-10K)"
3204,"4 (5K-10K)"
5582,"3 (2K-5K)"
6551,"3 (2K-5K)"
2777,"3 (2K-5K)"
5365,"1 (< 1K)"
6714,"4 (5K-10K)"
4270,"3 (2K-5K)"
3337,"3 (2K-5K)"
4639,"4 (5K-10K)"
3582,"6 (> 15K)"
844,"2 (1K-2K)"
2594,"6 (> 15K)"
4966,"6 (> 15K)"
7235,"4 (5K-10K)"
284,"2 (1K-2K)"
166,"4 (5K-10K)"
4932,"3 (2K-5K)"
9105,"3 (2K-5K)"
520,"4 (5K-10K)"
8687,"3 (2K-5K)"
6983,"3 (2K-5K)"
3275,"5 (10K-15K)"
1453,"4 (5K-10K)"
5790,"4 (5K-10K)"
5100,"2 (1K-2K)"
4224,"4 (5K-10K)"
129,"3 (2K-5K)"
6256,"3 (2K-5K)"
6102,"5 (10K-15K)"
4210,"4 (5K-10K)"
5362,"4 (5K-10K)"
3541,"2 (1K-2K)"
9634,"6 (> 15K)"
5464,"6 (> 15K)"
7030,"3 (2K-5K)"
9054,"2 (1K-2K)"
8037,"4 (5K-10K)"
10163,"3 (2K-5K)"
2018,"6 (> 15K)"
7048,"3 (2K-5K)"
9513,"2 (1K-2K)"
3569,"3 (2K-5K)"
6196,"3 (2K-5K)"
3180,"3 (2K-5K)"
5328,"6 (> 15K)"
1520,"3 (2K-5K)"
1623,"4 (5K-10K)"
10202,"5 (10K-15K)"
5935,"4 (5K-10K)"
3132,"2 (1K-2K)"
2177,"2 (1K-2K)"
42,"4 (5K-10K)"
4750,"3 (2K-5K)"
3726,"5 (10K-15K)"
3951,"4 (5K-10K)"
5811,"4 (5K-10K)"
7563,"1 (< 1K)"
3363,"3 (2K-5K)"
5014,"3 (2K-5K)"
7023,"3 (2K-5K)"
2350,"2 (1K-2K)"
8392,"3 (2K-5K)"
8980,"3 (2K-5K)"
8582,"2 (1K-2K)"
9437,"2 (1K-2K)"
9500,"1 (< 1K)"
8048,"4 (5K-10K)"
3167,"3 (2K-5K)"
10248,"2 (1K-2K)"
3044,"1 (< 1K)"
2783,"3 (2K-5K)"
1722,"5 (10K-15K)"
5756,"3 (2K-5K)"
9310,"6 (> 15K)"
3205,"2 (1K-2K)"
8491,"2 (1K-2K)"
8404,"3 (2K-5K)"
3699,"4 (5K-10K)"
2536,"1 (< 1K)"
1192,"3 (2K-5K)"
1689,"6 (> 15K)"
3187,"3 (2K-5K)"
3133,"3 (2K-5K)"
9282,"4 (5K-10K)"
6370,"4 (5K-10K)"
1224,"4 (5K-10K)"
8342,"2 (1K-2K)"
2077,"3 (2K-5K)"
5779,"6 (> 15K)"
4056,"2 (1K-2K)"
8334,"6 (> 15K)"
5207,"3 (2K-5K)"
8643,"3 (2K-5K)"
8468,"4 (5K-10K)"
2715,"3 (2K-5K)"
7214,"3 (2K-5K)"
8516,"2 (1K-2K)"
9001,"2 (1K-2K)"
7681,"3 (2K-5K)"
5235,"6 (> 15K)"
5387,"5 (10K-15K)"
4439,"3 (2K-5K)"
2948,"4 (5K-10K)"
9601,"4 (5K-10K)"
2575,"6 (> 15K)"
155,"4 (5K-10K)"
1626,"1 (< 1K)"
493,"2 (1K-2K)"
10196,"2 (1K-2K)"
3286,"4 (5K-10K)"
1461,"1 (< 1K)"
1175,"2 (1K-2K)"
8828,"3 (2K-5K)"
3934,"6 (> 15K)"
3607,"4 (5K-10K)"
3293,"2 (1K-2K)"
1364,"4 (5K-10K)"
5860,"2 (1K-2K)"
9710,"2 (1K-2K)"
2597,"4 (5K-10K)"
5127,"4 (5K-10K)"
10144,"3 (2K-5K)"
2347,"3 (2K-5K)"
104,"4 (5K-10K)"
4107,"6 (> 15K)"
7843,"3 (2K-5K)"
6462,"3 (2K-5K)"
7385,"4 (5K-10K)"
7786,"2 (1K-2K)"
952,"1 (< 1K)"
5214,"6 (> 15K)"
3500,"6 (> 15K)"
476,"1 (< 1K)"
4393,"4 (5K-10K)"
3459,"3 (2K-5K)"
5814,"2 (1K-2K)"
3900,"2 (1K-2K)"
455,"6 (> 15K)"
6280,"4 (5K-10K)"
2981,"3 (2K-5K)"
2264,"3 (2K-5K)"
4170,"4 (5K-10K)"
7727,"3 (2K-5K)"
1113,"4 (5K-10K)"
2738,"1 (< 1K)"
7713,"5 (10K-15K)"
8221,"3 (2K-5K)"
7364,"4 (5K-10K)"
6579,"3 (2K-5K)"
4204,"3 (2K-5K)"
2373,"6 (> 15K)"
3910,"3 (2K-5K)"
1933,"3 (2K-5K)"
3669,"6 (> 15K)"
4805,"3 (2K-5K)"
5121,"3 (2K-5K)"
5482,"2 (1K-2K)"
10172,"1 (< 1K)"
4104,"2 (1K-2K)"
6841,"6 (> 15K)"
3218,"6 (> 15K)"
7065,"1 (< 1K)"
4421,"6 (> 15K)"
3752,"4 (5K-10K)"
2654,"3 (2K-5K)"
5270,"4 (5K-10K)"
4328,"1 (< 1K)"
6547,"4 (5K-10K)"
9394,"3 (2K-5K)"
6953,"4 (5K-10K)"
6647,"6 (> 15K)"
7585,"4 (5K-10K)"
3838,"4 (5K-10K)"
6499,"3 (2K-5K)"
5672,"3 (2K-5K)"
1518,"4 (5K-10K)"
299,"3 (2K-5K)"
170,"4 (5K-10K)"
5841,"2 (1K-2K)"
5394,"3 (2K-5K)"
815,"4 (5K-10K)"
1222,"5 (10K-15K)"
6718,"4 (5K-10K)"
6711,"4 (5K-10K)"
6727,"3 (2K-5K)"
1116,"4 (5K-10K)"
6985,"5 (10K-15K)"
8750,"1 (< 1K)"
6034,"5 (10K-15K)"
7815,"1 (< 1K)"
7140,"2 (1K-2K)"
4417,"6 (> 15K)"
1609,"4 (5K-10K)"
2259,"4 (5K-10K)"
1034,"3 (2K-5K)"
9089,"4 (5K-10K)"
9678,"3 (2K-5K)"
9867,"2 (1K-2K)"
7491,"4 (5K-10K)"
10268,"4 (5K-10K)"
7123,"4 (5K-10K)"
9785,"3 (2K-5K)"
3426,"6 (> 15K)"
1877,"4 (5K-10K)"
3064,"6 (> 15K)"
5134,"4 (5K-10K)"
1531,"2 (1K-2K)"
6965,"2 (1K-2K)"
7007,"2 (1K-2K)"
2094,"4 (5K-10K)"
8711,"1 (< 1K)"
2769,"4 (5K-10K)"
5683,"1 (< 1K)"
2143,"3 (2K-5K)"
5264,"2 (1K-2K)"
5960,"3 (2K-5K)"
9915,"3 (2K-5K)"
1648,"4 (5K-10K)"
2165,"3 (2K-5K)"
3940,"2 (1K-2K)"
2647,"2 (1K-2K)"
9160,"3 (2K-5K)"
8205,"4 (5K-10K)"
78,"3 (2K-5K)"
9811,"2 (1K-2K)"
523,"4 (5K-10K)"
8320,"3 (2K-5K)"
8959,"4 (5K-10K)"
230,"4 (5K-10K)"
4119,"2 (1K-2K)"
1737,"1 (< 1K)"
3974,"4 (5K-10K)"
8254,"1 (< 1K)"
735,"6 (> 15K)"
914,"2 (1K-2K)"
856,"4 (5K-10K)"
9349,"4 (5K-10K)"
95,"4 (5K-10K)"
9032,"3 (2K-5K)"
2802,"3 (2K-5K)"
8627,"4 (5K-10K)"
604,"6 (> 15K)"
10111,"3 (2K-5K)"
424,"1 (< 1K)"
8109,"3 (2K-5K)"
1272,"2 (1K-2K)"
2638,"3 (2K-5K)"
9837,"3 (2K-5K)"
4887,"6 (> 15K)"
5842,"4 (5K-10K)"
2168,"3 (2K-5K)"
7517,"2 (1K-2K)"
7583,"6 (> 15K)"
3985,"2 (1K-2K)"
6120,"3 (2K-5K)"
4347,"4 (5K-10K)"
6151,"6 (> 15K)"
8245,"3 (2K-5K)"
5932,"6 (> 15K)"
239,"5 (10K-15K)"
8292,"3 (2K-5K)"
3096,"4 (5K-10K)"
8753,"1 (< 1K)"
6650,"4 (5K-10K)"
5124,"4 (5K-10K)"
2694,"3 (2K-5K)"
5501,"3 (2K-5K)"
6302,"3 (2K-5K)"
1584,"1 (< 1K)"
9407,"3 (2K-5K)"
4194,"5 (10K-15K)"
488,"3 (2K-5K)"
4599,"3 (2K-5K)"
1167,"1 (< 1K)"
8606,"4 (5K-10K)"
1515,"4 (5K-10K)"
3273,"3 (2K-5K)"
5305,"4 (5K-10K)"
7522,"4 (5K-10K)"
10201,"4 (5K-10K)"
5886,"4 (5K-10K)"
5196,"4 (5K-10K)"
8670,"3 (2K-5K)"
9971,"1 (< 1K)"
4610,"5 (10K-15K)"
6010,"4 (5K-10K)"
5966,"4 (5K-10K)"
7407,"6 (> 15K)"
8877,"6 (> 15K)"
2062,"1 (< 1K)"
1221,"3 (2K-5K)"
1073,"3 (2K-5K)"
743,"6 (> 15K)"
2338,"3 (2K-5K)"
4291,"6 (> 15K)"
5940,"3 (2K-5K)"
6704,"1 (< 1K)"
4854,"1 (< 1K)"
8556,"3 (2K-5K)"
768,"3 (2K-5K)"
7505,"6 (> 15K)"
5300,"2 (1K-2K)"
626,"4 (5K-10K)"
690,"4 (5K-10K)"
920,"1 (< 1K)"
6238,"3 (2K-5K)"
9458,"3 (2K-5K)"
6796,"4 (5K-10K)"
9110,"5 (10K-15K)"
9771,"2 (1K-2K)"
9973,"1 (< 1K)"
1160,"4 (5K-10K)"
1857,"3 (2K-5K)"
72,"1 (< 1K)"
5364,"4 (5K-10K)"
8300,"1 (< 1K)"
4491,"2 (1K-2K)"
8167,"1 (< 1K)"
5934,"3 (2K-5K)"
8239,"4 (5K-10K)"
97,"6 (> 15K)"
8971,"3 (2K-5K)"
3487,"6 (> 15K)"
5632,"4 (5K-10K)"
5332,"6 (> 15K)"
752,"3 (2K-5K)"
9247,"2 (1K-2K)"
8477,"3 (2K-5K)"
1993,"4 (5K-10K)"
8991,"5 (10K-15K)"
4319,"5 (10K-15K)"
8013,"3 (2K-5K)"
1776,"2 (1K-2K)"
6211,"4 (5K-10K)"
2931,"3 (2K-5K)"
1946,"4 (5K-10K)"
8228,"3 (2K-5K)"
2214,"3 (2K-5K)"
6880,"3 (2K-5K)"
7127,"3 (2K-5K)"
7948,"4 (5K-10K)"
5176,"4 (5K-10K)"
9623,"4 (5K-10K)"
7907,"2 (1K-2K)"
4140,"4 (5K-10K)"
2036,"6 (> 15K)"
791,"2 (1K-2K)"
9533,"4 (5K-10K)"
6868,"2 (1K-2K)"
7452,"4 (5K-10K)"
8931,"3 (2K-5K)"
9637,"6 (> 15K)"
3351,"2 (1K-2K)"
1893,"5 (10K-15K)"
7678,"2 (1K-2K)"
6675,"3 (2K-5K)"
5626,"1 (< 1K)"
7881,"2 (1K-2K)"
10118,"3 (2K-5K)"
7290,"6 (> 15K)"
4626,"3 (2K-5K)"
5618,"2 (1K-2K)"
6757,"4 (5K-10K)"
4822,"3 (2K-5K)"
6866,"4 (5K-10K)"
3687,"6 (> 15K)"
1667,"4 (5K-10K)"
6113,"1 (< 1K)"
443,"1 (< 1K)"
8751,"3 (2K-5K)"
3890,"6 (> 15K)"
10093,"3 (2K-5K)"
258,"3 (2K-5K)"
1723,"4 (5K-10K)"
2706,"3 (2K-5K)"
8272,"2 (1K-2K)"
3051,"2 (1K-2K)"
298,"3 (2K-5K)"
2579,"4 (5K-10K)"
9331,"3 (2K-5K)"
9944,"3 (2K-5K)"
6205,"6 (> 15K)"
4265,"2 (1K-2K)"
7369,"2 (1K-2K)"
5054,"3 (2K-5K)"
9972,"6 (> 15K)"
453,"6 (> 15K)"
8558,"2 (1K-2K)"
7853,"3 (2K-5K)"
247,"4 (5K-10K)"
5968,"3 (2K-5K)"
1958,"6 (> 15K)"
9739,"3 (2K-5K)"
6017,"1 (< 1K)"
8718,"3 (2K-5K)"
4072,"6 (> 15K)"
4942,"3 (2K-5K)"
400,"6 (> 15K)"
1100,"2 (1K-2K)"
5705,"3 (2K-5K)"
5997,"4 (5K-10K)"
2630,"6 (> 15K)"
2090,"2 (1K-2K)"
2809,"4 (5K-10K)"
4937,"6 (> 15K)"
9502,"2 (1K-2K)"
6272,"2 (1K-2K)"
6100,"3 (2K-5K)"
6989,"3 (2K-5K)"
4453,"3 (2K-5K)"
1665,"1 (< 1K)"
4296,"1 (< 1K)"
5105,"3 (2K-5K)"
8293,"3 (2K-5K)"
6861,"2 (1K-2K)"
137,"4 (5K-10K)"
3667,"3 (2K-5K)"
697,"5 (10K-15K)"
1315,"3 (2K-5K)"
9091,"4 (5K-10K)"
7609,"3 (2K-5K)"
4884,"2 (1K-2K)"
4665,"3 (2K-5K)"
7134,"3 (2K-5K)"
7616,"6 (> 15K)"
9036,"3 (2K-5K)"
2134,"3 (2K-5K)"
5557,"1 (< 1K)"
6743,"6 (> 15K)"
9863,"4 (5K-10K)"
4389,"4 (5K-10K)"
2228,"2 (1K-2K)"
8564,"3 (2K-5K)"
1466,"1 (< 1K)"
308,"6 (> 15K)"
5342,"1 (< 1K)"
1081,"6 (> 15K)"
2434,"3 (2K-5K)"
9399,"4 (5K-10K)"
7340,"2 (1K-2K)"
6204,"5 (10K-15K)"
2355,"3 (2K-5K)"
1219,"5 (10K-15K)"
6627,"4 (5K-10K)"
6297,"2 (1K-2K)"
1656,"4 (5K-10K)"
8052,"4 (5K-10K)"
93,"6 (> 15K)"
9467,"6 (> 15K)"
3372,"6 (> 15K)"
1475,"4 (5K-10K)"
1778,"3 (2K-5K)"
544,"5 (10K-15K)"
4834,"3 (2K-5K)"
164,"1 (< 1K)"
2985,"2 (1K-2K)"
2387,"3 (2K-5K)"
2294,"4 (5K-10K)"
5764,"4 (5K-10K)"
8259,"3 (2K-5K)"
5792,"1 (< 1K)"
5071,"1 (< 1K)"
8452,"4 (5K-10K)"
5959,"6 (> 15K)"
3696,"3 (2K-5K)"
3027,"3 (2K-5K)"
7061,"2 (1K-2K)"
4584,"6 (> 15K)"
870,"3 (2K-5K)"
1766,"1 (< 1K)"
6571,"2 (1K-2K)"
7199,"3 (2K-5K)"
5608,"3 (2K-5K)"
6373,"6 (> 15K)"
9575,"4 (5K-10K)"
4038,"4 (5K-10K)"
6106,"3 (2K-5K)"
4600,"4 (5K-10K)"
9228,"6 (> 15K)"
7080,"4 (5K-10K)"
9851,"2 (1K-2K)"
4426,"3 (2K-5K)"
1935,"2 (1K-2K)"
7275,"2 (1K-2K)"
8136,"3 (2K-5K)"
1721,"4 (5K-10K)"
7222,"3 (2K-5K)"
9738,"4 (5K-10K)"
595,"3 (2K-5K)"
7603,"3 (2K-5K)"
4768,"2 (1K-2K)"
4538,"4 (5K-10K)"
3054,"3 (2K-5K)"
8368,"3 (2K-5K)"
6851,"6 (> 15K)"
2866,"3 (2K-5K)"
8755,"3 (2K-5K)"
3981,"3 (2K-5K)"
5690,"2 (1K-2K)"
6018,"5 (10K-15K)"
2025,"3 (2K-5K)"
4240,"6 (> 15K)"
7914,"2 (1K-2K)"
316,"3 (2K-5K)"
5981,"3 (2K-5K)"
3967,"4 (5K-10K)"
8934,"2 (1K-2K)"
722,"4 (5K-10K)"
9512,"3 (2K-5K)"
1881,"3 (2K-5K)"
6075,"2 (1K-2K)"
8402,"6 (> 15K)"
5923,"3 (2K-5K)"
4287,"3 (2K-5K)"
8511,"4 (5K-10K)"
2027,"4 (5K-10K)"
491,"6 (> 15K)"
2089,"2 (1K-2K)"
839,"3 (2K-5K)"
3250,"1 (< 1K)"
5292,"3 (2K-5K)"
9050,"1 (< 1K)"
8148,"3 (2K-5K)"
1827,"3 (2K-5K)"
4810,"1 (< 1K)"
4097,"5 (10K-15K)"
6345,"3 (2K-5K)"
10149,"2 (1K-2K)"
7844,"2 (1K-2K)"
8851,"5 (10K-15K)"
121,"3 (2K-5K)"
2354,"6 (> 15K)"
5908,"3 (2K-5K)"
9238,"3 (2K-5K)"
9222,"4 (5K-10K)"
2700,"3 (2K-5K)"
5863,"4 (5K-10K)"
7606,"3 (2K-5K)"
7622,"3 (2K-5K)"
399,"1 (< 1K)"
1939,"4 (5K-10K)"
2762,"4 (5K-10K)"
6344,"4 (5K-10K)"
9006,"4 (5K-10K)"
8943,"4 (5K-10K)"
9927,"2 (1K-2K)"
6975,"2 (1K-2K)"
502,"6 (> 15K)"
5467,"4 (5K-10K)"
6890,"3 (2K-5K)"
563,"3 (2K-5K)"
209,"2 (1K-2K)"
5603,"3 (2K-5K)"
7150,"3 (2K-5K)"
468,"4 (5K-10K)"
8981,"3 (2K-5K)"
1082,"2 (1K-2K)"
6218,"3 (2K-5K)"
5891,"4 (5K-10K)"
7989,"6 (> 15K)"
5623,"6 (> 15K)"
4105,"4 (5K-10K)"
2481,"2 (1K-2K)"
2662,"3 (2K-5K)"
6246,"3 (2K-5K)"
8153,"3 (2K-5K)"
8063,"2 (1K-2K)"
9012,"3 (2K-5K)"
8165,"5 (10K-15K)"
3651,"4 (5K-10K)"
4891,"4 (5K-10K)"
419,"4 (5K-10K)"
2531,"6 (> 15K)"
8964,"3 (2K-5K)"
1163,"6 (> 15K)"
5521,"6 (> 15K)"
4757,"1 (< 1K)"
7587,"4 (5K-10K)"
3808,"3 (2K-5K)"
1546,"3 (2K-5K)"
3876,"6 (> 15K)"
2767,"6 (> 15K)"
6089,"2 (1K-2K)"
2444,"4 (5K-10K)"
9368,"3 (2K-5K)"
6720,"3 (2K-5K)"
6550,"3 (2K-5K)"
2478,"1 (< 1K)"
6408,"3 (2K-5K)"
8618,"5 (10K-15K)"
3773,"3 (2K-5K)"
3819,"3 (2K-5K)"
6303,"3 (2K-5K)"
1309,"2 (1K-2K)"
3052,"4 (5K-10K)"
607,"3 (2K-5K)"
2563,"3 (2K-5K)"
9111,"6 (> 15K)"
8915,"6 (> 15K)"
9754,"4 (5K-10K)"
3162,"2 (1K-2K)"
9208,"1 (< 1K)"
2544,"1 (< 1K)"
427,"3 (2K-5K)"
5094,"4 (5K-10K)"
2351,"4 (5K-10K)"
570,"2 (1K-2K)"
4258,"5 (10K-15K)"
9166,"3 (2K-5K)"
1941,"3 (2K-5K)"
8509,"4 (5K-10K)"
2632,"2 (1K-2K)"
2033,"4 (5K-10K)"
256,"4 (5K-10K)"
1083,"2 (1K-2K)"
8438,"3 (2K-5K)"
782,"4 (5K-10K)"
5918,"2 (1K-2K)"
7111,"6 (> 15K)"
805,"5 (10K-15K)"
4605,"2 (1K-2K)"
7884,"5 (10K-15K)"
3458,"3 (2K-5K)"
3213,"6 (> 15K)"
8127,"3 (2K-5K)"
7892,"3 (2K-5K)"
3807,"3 (2K-5K)"
2651,"3 (2K-5K)"
6795,"3 (2K-5K)"
8367,"3 (2K-5K)"
6753,"4 (5K-10K)"
1464,"6 (> 15K)"
6165,"3 (2K-5K)"
2403,"3 (2K-5K)"
3194,"5 (10K-15K)"
7378,"2 (1K-2K)"
9066,"4 (5K-10K)"
7010,"2 (1K-2K)"
6107,"3 (2K-5K)"
2829,"3 (2K-5K)"
9095,"1 (< 1K)"
8779,"3 (2K-5K)"
2463,"3 (2K-5K)"
7210,"2 (1K-2K)"
577,"2 (1K-2K)"
3431,"3 (2K-5K)"
406,"3 (2K-5K)"
5927,"3 (2K-5K)"
5512,"6 (> 15K)"
8145,"4 (5K-10K)"
7395,"3 (2K-5K)"
3503,"2 (1K-2K)"
4916,"6 (> 15K)"
3839,"4 (5K-10K)"
6148,"4 (5K-10K)"
8619,"6 (> 15K)"
8951,"3 (2K-5K)"
4877,"6 (> 15K)"
3680,"2 (1K-2K)"
6628,"2 (1K-2K)"
7775,"2 (1K-2K)"
9322,"3 (2K-5K)"
4627,"4 (5K-10K)"
5812,"2 (1K-2K)"
3486,"4 (5K-10K)"
7847,"3 (2K-5K)"
7191,"4 (5K-10K)"
4451,"4 (5K-10K)"
6152,"4 (5K-10K)"
3098,"1 (< 1K)"
532,"3 (2K-5K)"
6511,"3 (2K-5K)"
5263,"3 (2K-5K)"
6559,"5 (10K-15K)"
7763,"6 (> 15K)"
8795,"6 (> 15K)"
5092,"3 (2K-5K)"
70,"1 (< 1K)"
3584,"6 (> 15K)"
8745,"3 (2K-5K)"
3949,"4 (5K-10K)"
1871,"2 (1K-2K)"
9571,"2 (1K-2K)"
629,"4 (5K-10K)"
5259,"2 (1K-2K)"
3490,"3 (2K-5K)"
2917,"3 (2K-5K)"
756,"3 (2K-5K)"
3657,"2 (1K-2K)"
2153,"6 (> 15K)"
4127,"3 (2K-5K)"
3691,"3 (2K-5K)"
1984,"3 (2K-5K)"
2060,"3 (2K-5K)"
9812,"4 (5K-10K)"
5027,"1 (< 1K)"
3192,"3 (2K-5K)"
4317,"3 (2K-5K)"
7632,"1 (< 1K)"
6438,"5 (10K-15K)"
9922,"4 (5K-10K)"
8,"2 (1K-2K)"
1767,"6 (> 15K)"
2589,"3 (2K-5K)"
8655,"3 (2K-5K)"
4225,"3 (2K-5K)"
7624,"3 (2K-5K)"
3263,"2 (1K-2K)"
1929,"3 (2K-5K)"
1675,"3 (2K-5K)"
448,"6 (> 15K)"
7833,"4 (5K-10K)"
8262,"3 (2K-5K)"
1598,"3 (2K-5K)"
9042,"4 (5K-10K)"
673,"2 (1K-2K)"
2115,"5 (10K-15K)"
8345,"2 (1K-2K)"
6629,"5 (10K-15K)"
1134,"3 (2K-5K)"
4589,"3 (2K-5K)"
2011,"2 (1K-2K)"
10212,"4 (5K-10K)"
8526,"4 (5K-10K)"
1915,"3 (2K-5K)"
6355,"4 (5K-10K)"
6129,"2 (1K-2K)"
3001,"2 (1K-2K)"
8478,"3 (2K-5K)"
6252,"3 (2K-5K)"
9157,"2 (1K-2K)"
8942,"2 (1K-2K)"
8428,"3 (2K-5K)"
7953,"1 (< 1K)"
142,"3 (2K-5K)"
4596,"3 (2K-5K)"
3671,"3 (2K-5K)"
2908,"4 (5K-10K)"
9075,"6 (> 15K)"
7559,"2 (1K-2K)"
3175,"4 (5K-10K)"
7188,"1 (< 1K)"
2421,"4 (5K-10K)"
5369,"4 (5K-10K)"
8947,"2 (1K-2K)"
2240,"3 (2K-5K)"
7780,"6 (> 15K)"
951,"4 (5K-10K)"
3735,"2 (1K-2K)"
10209,"3 (2K-5K)"
7471,"4 (5K-10K)"
8716,"4 (5K-10K)"
3484,"3 (2K-5K)"
5384,"3 (2K-5K)"
5941,"6 (> 15K)"
1017,"4 (5K-10K)"
5973,"3 (2K-5K)"
738,"6 (> 15K)"
9549,"2 (1K-2K)"
7604,"4 (5K-10K)"
2145,"2 (1K-2K)"
6378,"4 (5K-10K)"
1124,"6 (> 15K)"
736,"3 (2K-5K)"
7181,"2 (1K-2K)"
6144,"4 (5K-10K)"
2580,"4 (5K-10K)"
5439,"4 (5K-10K)"
414,"4 (5K-10K)"
3501,"3 (2K-5K)"
2439,"2 (1K-2K)"
8041,"6 (> 15K)"
3465,"1 (< 1K)"
7571,"6 (> 15K)"
8987,"4 (5K-10K)"
7079,"3 (2K-5K)"
3834,"3 (2K-5K)"
4111,"2 (1K-2K)"
6912,"6 (> 15K)"
1817,"2 (1K-2K)"
6188,"6 (> 15K)"
6809,"4 (5K-10K)"
8316,"3 (2K-5K)"
9559,"3 (2K-5K)"
4696,"1 (< 1K)"
9653,"1 (< 1K)"
7597,"3 (2K-5K)"
2344,"4 (5K-10K)"
10109,"2 (1K-2K)"
1283,"4 (5K-10K)"
4992,"3 (2K-5K)"
9697,"3 (2K-5K)"
6221,"3 (2K-5K)"
682,"4 (5K-10K)"
3216,"2 (1K-2K)"
9556,"6 (> 15K)"
6828,"4 (5K-10K)"
4410,"3 (2K-5K)"
7964,"3 (2K-5K)"
9542,"4 (5K-10K)"
7824,"3 (2K-5K)"
7789,"2 (1K-2K)"
8433,"2 (1K-2K)"
1542,"2 (1K-2K)"
1755,"3 (2K-5K)"
5457,"4 (5K-10K)"
2537,"6 (> 15K)"
2111,"3 (2K-5K)"
9022,"3 (2K-5K)"
7673,"4 (5K-10K)"
1869,"3 (2K-5K)"
5415,"6 (> 15K)"
1959,"6 (> 15K)"
9859,"6 (> 15K)"
7695,"5 (10K-15K)"
6398,"3 (2K-5K)"
2751,"3 (2K-5K)"
10090,"4 (5K-10K)"
800,"5 (10K-15K)"
8519,"3 (2K-5K)"
4475,"1 (< 1K)"
6403,"3 (2K-5K)"
8812,"3 (2K-5K)"
5929,"1 (< 1K)"
8330,"3 (2K-5K)"
1306,"2 (1K-2K)"
10031,"1 (< 1K)"
3438,"4 (5K-10K)"
5883,"4 (5K-10K)"
2806,"5 (10K-15K)"
9946,"4 (5K-10K)"
2585,"2 (1K-2K)"
157,"3 (2K-5K)"
5355,"3 (2K-5K)"
8054,"4 (5K-10K)"
8543,"4 (5K-10K)"
508,"4 (5K-10K)"
5786,"2 (1K-2K)"
2043,"2 (1K-2K)"
3568,"6 (> 15K)"
6814,"3 (2K-5K)"
2775,"3 (2K-5K)"
549,"3 (2K-5K)"
5957,"4 (5K-10K)"
4564,"3 (2K-5K)"
6907,"3 (2K-5K)"
4096,"3 (2K-5K)"
6141,"3 (2K-5K)"
6728,"4 (5K-10K)"
4833,"6 (> 15K)"
880,"6 (> 15K)"
529,"6 (> 15K)"
10271,"4 (5K-10K)"
7257,"6 (> 15K)"
3248,"4 (5K-10K)"
8502,"4 (5K-10K)"
7187,"4 (5K-10K)"
9655,"3 (2K-5K)"
5213,"3 (2K-5K)"
5004,"1 (< 1K)"
1197,"2 (1K-2K)"
9871,"3 (2K-5K)"
1028,"2 (1K-2K)"
7750,"2 (1K-2K)"
8252,"4 (5K-10K)"
6746,"4 (5K-10K)"
3755,"2 (1K-2K)"
6419,"3 (2K-5K)"
4823,"4 (5K-10K)"
1859,"2 (1K-2K)"
1018,"2 (1K-2K)"
1571,"3 (2K-5K)"
4471,"6 (> 15K)"
711,"3 (2K-5K)"
6483,"3 (2K-5K)"
5388,"2 (1K-2K)"
6287,"4 (5K-10K)"
5308,"2 (1K-2K)"
3577,"2 (1K-2K)"
5946,"6 (> 15K)"
4437,"3 (2K-5K)"
1267,"2 (1K-2K)"
2471,"4 (5K-10K)"
679,"3 (2K-5K)"
1669,"4 (5K-10K)"
2414,"4 (5K-10K)"
8269,"3 (2K-5K)"
9253,"2 (1K-2K)"
2425,"2 (1K-2K)"
3647,"3 (2K-5K)"
2601,"3 (2K-5K)"
4910,"4 (5K-10K)"
5484,"5 (10K-15K)"
3422,"1 (< 1K)"
8887,"1 (< 1K)"
643,"6 (> 15K)"
5744,"3 (2K-5K)"
5614,"3 (2K-5K)"
4934,"3 (2K-5K)"
1890,"3 (2K-5K)"
5469,"3 (2K-5K)"
9187,"4 (5K-10K)"
5924,"3 (2K-5K)"
1332,"2 (1K-2K)"
9605,"1 (< 1K)"
7808,"4 (5K-10K)"
439,"4 (5K-10K)"
6999,"2 (1K-2K)"
8494,"4 (5K-10K)"
26,"3 (2K-5K)"
4943,"3 (2K-5K)"
4846,"4 (5K-10K)"
318,"2 (1K-2K)"
3803,"3 (2K-5K)"
384,"5 (10K-15K)"
6694,"6 (> 15K)"
4580,"2 (1K-2K)"
5561,"5 (10K-15K)"
262,"4 (5K-10K)"
4723,"4 (5K-10K)"
5109,"5 (10K-15K)"
8133,"6 (> 15K)"
8369,"4 (5K-10K)"
2598,"2 (1K-2K)"
8806,"1 (< 1K)"
715,"6 (> 15K)"
9816,"2 (1K-2K)"
260,"4 (5K-10K)"
8501,"2 (1K-2K)"
184,"3 (2K-5K)"
6654,"3 (2K-5K)"
6496,"1 (< 1K)"
8066,"4 (5K-10K)"
6448,"5 (10K-15K)"
4380,"4 (5K-10K)"
6709,"4 (5K-10K)"
3966,"3 (2K-5K)"
10197,"2 (1K-2K)"
64,"3 (2K-5K)"
3889,"1 (< 1K)"
2292,"2 (1K-2K)"
171,"4 (5K-10K)"
4680,"6 (> 15K)"
2676,"3 (2K-5K)"
1756,"2 (1K-2K)"
4697,"6 (> 15K)"
1654,"3 (2K-5K)"
1296,"3 (2K-5K)"
4326,"3 (2K-5K)"
2937,"6 (> 15K)"
6631,"3 (2K-5K)"
3899,"2 (1K-2K)"
2888,"3 (2K-5K)"
213,"1 (< 1K)"
8286,"3 (2K-5K)"
1662,"3 (2K-5K)"
10124,"5 (10K-15K)"
1374,"6 (> 15K)"
9550,"4 (5K-10K)"
8049,"6 (> 15K)"
8488,"2 (1K-2K)"
2307,"2 (1K-2K)"
700,"4 (5K-10K)"
9341,"4 (5K-10K)"
7473,"4 (5K-10K)"
7157,"4 (5K-10K)"
3070,"3 (2K-5K)"
1076,"4 (5K-10K)"
7912,"4 (5K-10K)"
6978,"3 (2K-5K)"
6898,"4 (5K-10K)"
3737,"3 (2K-5K)"
6369,"4 (5K-10K)"
3855,"4 (5K-10K)"
7866,"3 (2K-5K)"
196,"1 (< 1K)"
7903,"2 (1K-2K)"
8051,"4 (5K-10K)"
9473,"2 (1K-2K)"
2616,"3 (2K-5K)"
8805,"6 (> 15K)"
9209,"4 (5K-10K)"
6875,"4 (5K-10K)"
1602,"1 (< 1K)"
3353,"1 (< 1K)"
6263,"2 (1K-2K)"
7613,"3 (2K-5K)"
6162,"4 (5K-10K)"
4587,"4 (5K-10K)"
9988,"6 (> 15K)"
5833,"2 (1K-2K)"
4989,"6 (> 15K)"
3938,"4 (5K-10K)"
9170,"4 (5K-10K)"
8317,"1 (< 1K)"
9379,"3 (2K-5K)"
2164,"4 (5K-10K)"
559,"4 (5K-10K)"
1568,"2 (1K-2K)"
3309,"4 (5K-10K)"
3418,"3 (2K-5K)"
7283,"4 (5K-10K)"
8384,"6 (> 15K)"
6262,"3 (2K-5K)"
7836,"5 (10K-15K)"
7532,"4 (5K-10K)"
1436,"4 (5K-10K)"
2833,"4 (5K-10K)"
10017,"2 (1K-2K)"
6117,"4 (5K-10K)"
6095,"1 (< 1K)"
8544,"4 (5K-10K)"
1008,"3 (2K-5K)"
3919,"4 (5K-10K)"
3404,"3 (2K-5K)"
2660,"6 (> 15K)"
2757,"3 (2K-5K)"
1287,"1 (< 1K)"
3447,"6 (> 15K)"
2726,"3 (2K-5K)"
6244,"6 (> 15K)"
3622,"4 (5K-10K)"
656,"2 (1K-2K)"
3251,"2 (1K-2K)"
1168,"3 (2K-5K)"
197,"4 (5K-10K)"
8271,"3 (2K-5K)"
337,"6 (> 15K)"
744,"3 (2K-5K)"
7381,"3 (2K-5K)"
2384,"3 (2K-5K)"
1544,"3 (2K-5K)"
1541,"6 (> 15K)"
5885,"2 (1K-2K)"
6623,"2 (1K-2K)"
2340,"4 (5K-10K)"
8111,"3 (2K-5K)"
9034,"3 (2K-5K)"
5604,"4 (5K-10K)"
10026,"3 (2K-5K)"
7973,"6 (> 15K)"
1976,"3 (2K-5K)"
5737,"4 (5K-10K)"
6725,"2 (1K-2K)"
6707,"4 (5K-10K)"
2300,"2 (1K-2K)"
8522,"1 (< 1K)"
2862,"4 (5K-10K)"
9516,"6 (> 15K)"
1229,"4 (5K-10K)"
5978,"2 (1K-2K)"
4213,"1 (< 1K)"
5617,"6 (> 15K)"
6615,"2 (1K-2K)"
4448,"2 (1K-2K)"
6103,"6 (> 15K)"
5502,"6 (> 15K)"
4546,"3 (2K-5K)"
2265,"4 (5K-10K)"
6609,"4 (5K-10K)"
3113,"5 (10K-15K)"
1345,"6 (> 15K)"
7822,"4 (5K-10K)"
974,"6 (> 15K)"
2230,"3 (2K-5K)"
6478,"2 (1K-2K)"
8907,"3 (2K-5K)"
8439,"4 (5K-10K)"
2960,"2 (1K-2K)"
4694,"4 (5K-10K)"
8813,"4 (5K-10K)"
8568,"4 (5K-10K)"
2430,"6 (> 15K)"
8476,"2 (1K-2K)"
6159,"3 (2K-5K)"
6638,"4 (5K-10K)"
2525,"6 (> 15K)"
5249,"2 (1K-2K)"
4866,"4 (5K-10K)"
9919,"3 (2K-5K)"
4640,"6 (> 15K)"
2836,"6 (> 15K)"
7323,"3 (2K-5K)"
5057,"6 (> 15K)"
3794,"4 (5K-10K)"
7649,"3 (2K-5K)"
10080,"3 (2K-5K)"
181,"2 (1K-2K)"
8430,"6 (> 15K)"
4058,"5 (10K-15K)"
3056,"3 (2K-5K)"
8993,"3 (2K-5K)"
6099,"6 (> 15K)"
7724,"4 (5K-10K)"
7787,"6 (> 15K)"
5678,"3 (2K-5K)"
7358,"2 (1K-2K)"
6867,"6 (> 15K)"
6832,"4 (5K-10K)"
1347,"3 (2K-5K)"
2966,"4 (5K-10K)"
2283,"3 (2K-5K)"
2979,"2 (1K-2K)"
3441,"4 (5K-10K)"
7152,"2 (1K-2K)"
6962,"2 (1K-2K)"
8235,"2 (1K-2K)"
6004,"6 (> 15K)"
5232,"3 (2K-5K)"
819,"6 (> 15K)"
3643,"4 (5K-10K)"
8325,"2 (1K-2K)"
6801,"3 (2K-5K)"
3825,"4 (5K-10K)"
1985,"5 (10K-15K)"
5801,"4 (5K-10K)"
3828,"3 (2K-5K)"
7277,"3 (2K-5K)"
5425,"3 (2K-5K)"
3489,"5 (10K-15K)"
9560,"5 (10K-15K)"
1509,"3 (2K-5K)"
9445,"2 (1K-2K)"
2513,"2 (1K-2K)"
3364,"3 (2K-5K)"
3069,"5 (10K-15K)"
10128,"6 (> 15K)"
9661,"2 (1K-2K)"
6935,"4 (5K-10K)"
2206,"3 (2K-5K)"
6424,"2 (1K-2K)"
6154,"2 (1K-2K)"
1838,"3 (2K-5K)"
9984,"6 (> 15K)"
8261,"4 (5K-10K)"
5111,"4 (5K-10K)"
3914,"4 (5K-10K)"
4457,"3 (2K-5K)"
9506,"6 (> 15K)"
8042,"5 (10K-15K)"
4756,"4 (5K-10K)"
1825,"3 (2K-5K)"
5295,"4 (5K-10K)"
9470,"2 (1K-2K)"
3086,"4 (5K-10K)"
7621,"4 (5K-10K)"
3446,"4 (5K-10K)"
5500,"6 (> 15K)"
9819,"2 (1K-2K)"
3869,"3 (2K-5K)"
9303,"3 (2K-5K)"
8032,"2 (1K-2K)"
9649,"3 (2K-5K)"
8529,"4 (5K-10K)"
3610,"3 (2K-5K)"
6802,"6 (> 15K)"
1642,"3 (2K-5K)"
1142,"3 (2K-5K)"
2059,"3 (2K-5K)"
9219,"3 (2K-5K)"
646,"2 (1K-2K)"
8464,"3 (2K-5K)"
5210,"3 (2K-5K)"
9995,"6 (> 15K)"
8862,"3 (2K-5K)"
3649,"2 (1K-2K)"
4364,"3 (2K-5K)"
7242,"2 (1K-2K)"
3269,"5 (10K-15K)"
1200,"2 (1K-2K)"
9426,"2 (1K-2K)"
6982,"4 (5K-10K)"
2349,"4 (5K-10K)"
5356,"3 (2K-5K)"
1042,"3 (2K-5K)"
6824,"6 (> 15K)"
9918,"6 (> 15K)"
5407,"3 (2K-5K)"
664,"4 (5K-10K)"
4706,"5 (10K-15K)"
3786,"3 (2K-5K)"
9492,"3 (2K-5K)"
2752,"3 (2K-5K)"
3642,"3 (2K-5K)"
1226,"1 (< 1K)"
6082,"4 (5K-10K)"
2498,"2 (1K-2K)"
4356,"2 (1K-2K)"
5449,"2 (1K-2K)"
5441,"4 (5K-10K)"
9551,"4 (5K-10K)"
6800,"4 (5K-10K)"
4044,"2 (1K-2K)"
7906,"4 (5K-10K)"
3089,"5 (10K-15K)"
5975,"6 (> 15K)"
5303,"2 (1K-2K)"
5077,"2 (1K-2K)"
1373,"6 (> 15K)"
1936,"4 (5K-10K)"
2142,"3 (2K-5K)"
2464,"3 (2K-5K)"
4456,"2 (1K-2K)"
8808,"6 (> 15K)"
5159,"3 (2K-5K)"
8911,"6 (> 15K)"
2730,"4 (5K-10K)"
5780,"6 (> 15K)"
8341,"3 (2K-5K)"
7876,"4 (5K-10K)"
372,"3 (2K-5K)"
2704,"3 (2K-5K)"
2269,"3 (2K-5K)"
8592,"4 (5K-10K)"
3806,"4 (5K-10K)"
3207,"3 (2K-5K)"
2933,"5 (10K-15K)"
2304,"3 (2K-5K)"
8732,"4 (5K-10K)"
6911,"6 (> 15K)"
6692,"3 (2K-5K)"
4603,"5 (10K-15K)"
8056,"3 (2K-5K)"
1090,"4 (5K-10K)"
3361,"1 (< 1K)"
1805,"5 (10K-15K)"
1016,"6 (> 15K)"
4042,"3 (2K-5K)"
4488,"2 (1K-2K)"
3306,"4 (5K-10K)"
9044,"3 (2K-5K)"
4399,"2 (1K-2K)"
8168,"6 (> 15K)"
4035,"3 (2K-5K)"
1607,"4 (5K-10K)"
5865,"5 (10K-15K)"
6968,"6 (> 15K)"
6239,"3 (2K-5K)"
9359,"4 (5K-10K)"
4572,"3 (2K-5K)"
7764,"6 (> 15K)"
6974,"3 (2K-5K)"
8233,"6 (> 15K)"
4494,"3 (2K-5K)"
776,"4 (5K-10K)"
326,"5 (10K-15K)"
3153,"1 (< 1K)"
6497,"2 (1K-2K)"
1249,"2 (1K-2K)"
1938,"6 (> 15K)"
8440,"2 (1K-2K)"
6756,"4 (5K-10K)"
2014,"1 (< 1K)"
7910,"3 (2K-5K)"
2345,"4 (5K-10K)"
113,"6 (> 15K)"
7117,"4 (5K-10K)"
916,"3 (2K-5K)"
480,"3 (2K-5K)"
4961,"4 (5K-10K)"
8659,"4 (5K-10K)"
1420,"3 (2K-5K)"
7954,"4 (5K-10K)"
3660,"3 (2K-5K)"
4108,"3 (2K-5K)"
5103,"3 (2K-5K)"
10269,"3 (2K-5K)"
9329,"1 (< 1K)"
6170,"4 (5K-10K)"
3230,"1 (< 1K)"
8331,"3 (2K-5K)"
7202,"4 (5K-10K)"
9421,"2 (1K-2K)"
1800,"6 (> 15K)"
6157,"5 (10K-15K)"
3553,"4 (5K-10K)"
6873,"2 (1K-2K)"
3014,"1 (< 1K)"
192,"3 (2K-5K)"
3520,"4 (5K-10K)"
1456,"4 (5K-10K)"
3344,"3 (2K-5K)"
6036,"3 (2K-5K)"
7054,"4 (5K-10K)"
3065,"5 (10K-15K)"
1149,"4 (5K-10K)"
269,"2 (1K-2K)"
6007,"3 (2K-5K)"
85,"2 (1K-2K)"
3608,"1 (< 1K)"
6178,"4 (5K-10K)"
3995,"4 (5K-10K)"
6156,"3 (2K-5K)"
9155,"3 (2K-5K)"
691,"4 (5K-10K)"
4956,"6 (> 15K)"
3686,"3 (2K-5K)"
8882,"3 (2K-5K)"
7279,"4 (5K-10K)"
6715,"4 (5K-10K)"
8131,"4 (5K-10K)"
4339,"3 (2K-5K)"
6194,"2 (1K-2K)"
9007,"6 (> 15K)"
10019,"2 (1K-2K)"
6970,"4 (5K-10K)"
5875,"4 (5K-10K)"
4018,"4 (5K-10K)"
2827,"3 (2K-5K)"
2901,"2 (1K-2K)"
2841,"3 (2K-5K)"
8312,"6 (> 15K)"
263,"5 (10K-15K)"
6904,"3 (2K-5K)"
2518,"5 (10K-15K)"
2470,"6 (> 15K)"
7205,"3 (2K-5K)"
3178,"6 (> 15K)"
1962,"4 (5K-10K)"
9296,"3 (2K-5K)"
8994,"5 (10K-15K)"
5488,"2 (1K-2K)"
10008,"6 (> 15K)"
2348,"4 (5K-10K)"
6333,"3 (2K-5K)"
6361,"3 (2K-5K)"
7455,"3 (2K-5K)"
9124,"2 (1K-2K)"
7512,"4 (5K-10K)"
7231,"2 (1K-2K)"
4565,"2 (1K-2K)"
4948,"4 (5K-10K)"
2116,"2 (1K-2K)"
231,"1 (< 1K)"
3335,"3 (2K-5K)"
4144,"5 (10K-15K)"
8070,"4 (5K-10K)"
3758,"6 (> 15K)"
1794,"3 (2K-5K)"
6096,"1 (< 1K)"
1549,"2 (1K-2K)"
7689,"3 (2K-5K)"
5182,"2 (1K-2K)"
6819,"3 (2K-5K)"
1058,"6 (> 15K)"
7058,"3 (2K-5K)"
8730,"5 (10K-15K)"
7696,"3 (2K-5K)"
10154,"6 (> 15K)"
6326,"2 (1K-2K)"
5026,"3 (2K-5K)"
5584,"2 (1K-2K)"
652,"4 (5K-10K)"
3730,"2 (1K-2K)"
2024,"2 (1K-2K)"
1569,"3 (2K-5K)"
954,"4 (5K-10K)"
9466,"4 (5K-10K)"
1550,"3 (2K-5K)"
8572,"4 (5K-10K)"
8161,"2 (1K-2K)"
4868,"6 (> 15K)"
2088,"2 (1K-2K)"
5392,"4 (5K-10K)"
1770,"4 (5K-10K)"
2857,"4 (5K-10K)"
7467,"2 (1K-2K)"
5107,"6 (> 15K)"
2278,"3 (2K-5K)"
8279,"2 (1K-2K)"
454,"3 (2K-5K)"
7336,"6 (> 15K)"
1022,"6 (> 15K)"
2402,"3 (2K-5K)"
8969,"3 (2K-5K)"
6799,"3 (2K-5K)"
499,"2 (1K-2K)"
128,"2 (1K-2K)"
530,"3 (2K-5K)"
5674,"4 (5K-10K)"
10084,"3 (2K-5K)"
8406,"3 (2K-5K)"
1336,"2 (1K-2K)"
7333,"3 (2K-5K)"
1329,"6 (> 15K)"
5191,"2 (1K-2K)"
4720,"3 (2K-5K)"
365,"2 (1K-2K)"
9245,"4 (5K-10K)"
4595,"5 (10K-15K)"
7728,"3 (2K-5K)"
7934,"2 (1K-2K)"
1738,"3 (2K-5K)"
2146,"4 (5K-10K)"
10184,"3 (2K-5K)"
1502,"3 (2K-5K)"
6054,"3 (2K-5K)"
538,"3 (2K-5K)"
8055,"3 (2K-5K)"
7745,"4 (5K-10K)"
8549,"4 (5K-10K)"
7009,"1 (< 1K)"
5591,"3 (2K-5K)"
9052,"3 (2K-5K)"
8399,"2 (1K-2K)"
5736,"2 (1K-2K)"
1940,"2 (1K-2K)"
8803,"4 (5K-10K)"
3720,"2 (1K-2K)"
620,"1 (< 1K)"
3543,"6 (> 15K)"
2179,"4 (5K-10K)"
5830,"2 (1K-2K)"
8590,"3 (2K-5K)"
9047,"4 (5K-10K)"
3793,"3 (2K-5K)"
8636,"5 (10K-15K)"
9260,"3 (2K-5K)"
7357,"2 (1K-2K)"
8505,"2 (1K-2K)"
6993,"4 (5K-10K)"
7232,"3 (2K-5K)"
2125,"3 (2K-5K)"
6134,"3 (2K-5K)"
836,"3 (2K-5K)"
6555,"5 (10K-15K)"
9965,"5 (10K-15K)"
4391,"3 (2K-5K)"
3102,"6 (> 15K)"
3880,"1 (< 1K)"
6838,"4 (5K-10K)"
9929,"3 (2K-5K)"
9589,"6 (> 15K)"
9698,"1 (< 1K)"
10123,"6 (> 15K)"
3683,"4 (5K-10K)"
2742,"4 (5K-10K)"
2049,"1 (< 1K)"
1217,"3 (2K-5K)"
4259,"3 (2K-5K)"
862,"3 (2K-5K)"
8389,"6 (> 15K)"
8760,"3 (2K-5K)"
575,"4 (5K-10K)"
7143,"3 (2K-5K)"
4346,"2 (1K-2K)"
4382,"5 (10K-15K)"
4980,"4 (5K-10K)"
8144,"4 (5K-10K)"
1304,"3 (2K-5K)"
10095,"3 (2K-5K)"
5289,"4 (5K-10K)"
8204,"2 (1K-2K)"
6248,"3 (2K-5K)"
705,"4 (5K-10K)"
5504,"4 (5K-10K)"
7740,"2 (1K-2K)"
3244,"2 (1K-2K)"
7690,"4 (5K-10K)"
780,"1 (< 1K)"
728,"2 (1K-2K)"
8970,"3 (2K-5K)"
5925,"2 (1K-2K)"
187,"3 (2K-5K)"
7985,"3 (2K-5K)"
1500,"4 (5K-10K)"
821,"3 (2K-5K)"
5081,"2 (1K-2K)"
2996,"1 (< 1K)"
10071,"3 (2K-5K)"
7349,"4 (5K-10K)"
4803,"5 (10K-15K)"
4931,"1 (< 1K)"
9960,"4 (5K-10K)"
7043,"5 (10K-15K)"
1763,"6 (> 15K)"
4915,"3 (2K-5K)"
4226,"3 (2K-5K)"
5788,"3 (2K-5K)"
8846,"6 (> 15K)"
2709,"4 (5K-10K)"
3625,"4 (5K-10K)"
3883,"4 (5K-10K)"
9461,"3 (2K-5K)"
8231,"3 (2K-5K)"
6573,"6 (> 15K)"
4233,"4 (5K-10K)"
6510,"3 (2K-5K)"
5228,"2 (1K-2K)"
1348,"4 (5K-10K)"
9352,"4 (5K-10K)"
506,"3 (2K-5K)"
118,"3 (2K-5K)"
7026,"4 (5K-10K)"
3373,"2 (1K-2K)"
3574,"6 (> 15K)"
1105,"2 (1K-2K)"
8593,"5 (10K-15K)"
8081,"4 (5K-10K)"
7773,"3 (2K-5K)"
2718,"4 (5K-10K)"
10011,"3 (2K-5K)"
2967,"3 (2K-5K)"
2117,"3 (2K-5K)"
8470,"1 (< 1K)"
2378,"3 (2K-5K)"
10091,"4 (5K-10K)"
4342,"4 (5K-10K)"
3400,"3 (2K-5K)"
645,"2 (1K-2K)"
3785,"5 (10K-15K)"
7254,"6 (> 15K)"
5930,"3 (2K-5K)"
224,"4 (5K-10K)"
4870,"2 (1K-2K)"
3067,"3 (2K-5K)"
6805,"4 (5K-10K)"
7015,"3 (2K-5K)"
3659,"3 (2K-5K)"
7700,"4 (5K-10K)"
1686,"3 (2K-5K)"
7531,"3 (2K-5K)"
6693,"3 (2K-5K)"
9268,"5 (10K-15K)"
2061,"2 (1K-2K)"
1419,"3 (2K-5K)"
4055,"2 (1K-2K)"
10098,"3 (2K-5K)"
7874,"4 (5K-10K)"
4005,"1 (< 1K)"
5331,"4 (5K-10K)"
2056,"1 (< 1K)"
4497,"1 (< 1K)"
6811,"3 (2K-5K)"
6503,"1 (< 1K)"
9431,"3 (2K-5K)"
4495,"6 (> 15K)"
9747,"4 (5K-10K)"
3356,"1 (< 1K)"
1112,"4 (5K-10K)"
1206,"4 (5K-10K)"
5046,"4 (5K-10K)"
1909,"5 (10K-15K)"
3124,"3 (2K-5K)"
8801,"1 (< 1K)"
9353,"4 (5K-10K)"
4462,"2 (1K-2K)"
4909,"4 (5K-10K)"
2674,"3 (2K-5K)"
910,"3 (2K-5K)"
4879,"4 (5K-10K)"
4112,"2 (1K-2K)"
5366,"1 (< 1K)"
9460,"2 (1K-2K)"
5774,"2 (1K-2K)"
10253,"4 (5K-10K)"
7212,"4 (5K-10K)"
4753,"3 (2K-5K)"
712,"3 (2K-5K)"
9084,"3 (2K-5K)"
1910,"4 (5K-10K)"
2207,"5 (10K-15K)"
4741,"3 (2K-5K)"
8609,"2 (1K-2K)"
3472,"4 (5K-10K)"
486,"4 (5K-10K)"
3080,"3 (2K-5K)"
5493,"4 (5K-10K)"
1535,"2 (1K-2K)"
5200,"3 (2K-5K)"
9713,"3 (2K-5K)"
3897,"2 (1K-2K)"
1341,"2 (1K-2K)"
2271,"6 (> 15K)"
9744,"2 (1K-2K)"
7922,"2 (1K-2K)"
937,"3 (2K-5K)"
2747,"4 (5K-10K)"
1423,"3 (2K-5K)"
55,"3 (2K-5K)"
957,"2 (1K-2K)"
3856,"3 (2K-5K)"
1637,"1 (< 1K)"
4031,"5 (10K-15K)"
7055,"3 (2K-5K)"
810,"3 (2K-5K)"
2748,"3 (2K-5K)"
8011,"3 (2K-5K)"
6056,"2 (1K-2K)"
3959,"4 (5K-10K)"
3272,"6 (> 15K)"
4338,"3 (2K-5K)"
7463,"5 (10K-15K)"
7842,"4 (5K-10K)"
7623,"2 (1K-2K)"
3846,"1 (< 1K)"
1278,"3 (2K-5K)"
5420,"4 (5K-10K)"
108,"6 (> 15K)"
6066,"4 (5K-10K)"
1943,"3 (2K-5K)"
3326,"3 (2K-5K)"
8457,"4 (5K-10K)"
3893,"3 (2K-5K)"
2465,"3 (2K-5K)"
10229,"3 (2K-5K)"
1559,"6 (> 15K)"
979,"1 (< 1K)"
9692,"4 (5K-10K)"
5050,"2 (1K-2K)"
385,"2 (1K-2K)"
5135,"3 (2K-5K)"
8436,"3 (2K-5K)"
3604,"5 (10K-15K)"
4622,"3 (2K-5K)"
10028,"1 (< 1K)"
7142,"1 (< 1K)"
